PRAGMA foreign_keys=OFF;
BEGIN TRANSACTION;
CREATE TABLE route (id int, region text, name text, length float, grade_avg int, grade_max int, quality int, rating int);
INSERT INTO "route" VALUES(1,'Hainich','first',12.34,10,12,2,1);
INSERT INTO "route" VALUES(2,'Dresden','second',23.45,8,8,1,2);
INSERT INTO "route" VALUES(3,'Dresden','third',34.56,6,7,2,3);
INSERT INTO "route" VALUES(4,'Dresden','Großer Garten',2.3,0,0,2,3);
INSERT INTO "route" VALUES(5,'Dresden','Altstadt',2.3,0,3,3,2);
INSERT INTO "route" VALUES(6,'Dresden','Neustadt',3.5,1,4,3,3);
CREATE TABLE poi_type(id int, name text, icon_name text, visible boolean);
INSERT INTO "poi_type" VALUES(1,'Hotel','h',1);
INSERT INTO "poi_type" VALUES(2,'Aussichtspunkt','a',1);
CREATE TABLE poi (type int, latitude float, longitude float, name text, address text, classification int);
INSERT INTO "poi" VALUES(1,51.03785,13.76288,'Palais im Großen Garten','Addresse1',1);
INSERT INTO "poi" VALUES(2,51.05173,13.74117,'Frauenkirche','Addresse2',2);
INSERT INTO "poi" VALUES(2,51.05361,13.73786,'Katholische Hofkirche','Chiaveriegasse, Innere Altstadt, Dresden',1);
CREATE TABLE obstacle_type (id int, name text, icon_name text);
INSERT INTO "obstacle_type" VALUES(1,'Schranke','marker_red.png');
INSERT INTO "obstacle_type" VALUES(2,'Treppe','marker_yellow.png');
INSERT INTO "obstacle_type" VALUES(3,'Engstelle','marker_green.png');
INSERT INTO "obstacle_type" VALUES(4,'Stufe','marker_green.png');
INSERT INTO "obstacle_type" VALUES(5,'Rinne','marker_green.png');
INSERT INTO "obstacle_type" VALUES(6,'Poller','marker_green.png');
INSERT INTO "obstacle_type" VALUES(7,'Abhang','marker_green.png');
CREATE TABLE obstacle (type int, route_id int, latitude float, longitude float);
INSERT INTO "obstacle" VALUES(1,1,51.05286,13.73854);
INSERT INTO "obstacle" VALUES(1,1,51.05235,13.7395);
INSERT INTO "obstacle" VALUES(2,1,51.05179,13.74054);
INSERT INTO "obstacle" VALUES(3,1,51.05125,13.74403);
INSERT INTO "obstacle" VALUES(1,2,51.052,13.738);
INSERT INTO "obstacle" VALUES(2,2,51.053,13.738);
INSERT INTO "obstacle" VALUES(2,2,51.054,13.739);
INSERT INTO "obstacle" VALUES(3,2,51.055,13.74);
COMMIT;
